did	distribution	score	bootstrap_score	bootstrap_pass	loc	scale	arg	gof	n_obs
did:plc:e4z5rmnkiq6zcuvpw3a2tpv4	pareto	0.0006465148601364016	0.8	True	-829.9144448111849	832.7534448111849	(np.float64(10.57620853292968),)	wasserstein	32
did:plc:e4z5rmnkiq6zcuvpw3a2tpv4	genpareto	0.00064650676927056	0.6	True	2.8389999983378438	78.7390025227257	(np.float64(0.09454589707298636),)	wasserstein	32
did:plc:e4z5rmnkiq6zcuvpw3a2tpv4	lomax	0.000646983079188651	0.6	True	2.8389795075452287	826.8225955305804	(np.float64(10.50222772518002),)	wasserstein	32
did:plc:e4z5rmnkiq6zcuvpw3a2tpv4	weibull_min	0.000721582630674362	0.6	True	2.8389999999999995	86.21117937333098	(np.float64(0.8843747530205277),)	wasserstein	32
did:plc:e4z5rmnkiq6zcuvpw3a2tpv4	expon	0.0005478157964831137	0.5	True	2.839	86.89387500000001		wasserstein	32
did:plc:e4z5rmnkiq6zcuvpw3a2tpv4	fisk	0.0005690337287946141	0.3	True	-6.0122876198387125	64.91051616662651	(np.float64(1.8397443767957629),)	wasserstein	32
did:plc:e4z5rmnkiq6zcuvpw3a2tpv4	gamma	0.001025242839456822	0.2	True	2.8389999999999995	122.28815949354899	(np.float64(0.5440001498234013),)	wasserstein	32
did:plc:e4z5rmnkiq6zcuvpw3a2tpv4	lognorm	0.002243017077061734	0.1	True	2.8389999999999995	4.613724664271021	(np.float64(9.600806899649966),)	wasserstein	32
did:plc:vcsjjmxx3eikizrb5qllbv2h	genpareto	0.2250344207684335	0.6	True	0.0009999960138006318	0.0036312995041295907	(np.float64(1.9777280756271427),)	wasserstein	16
did:plc:vcsjjmxx3eikizrb5qllbv2h	gamma	0.1607597056127748	0.4	True	0.0009999999999999998	1.0027014939299574	(np.float64(0.21928596130801897),)	wasserstein	16
did:plc:vcsjjmxx3eikizrb5qllbv2h	lomax	0.2194533831322344	0.3	True	0.0009999999770912435	0.0011716244969884942	(np.float64(0.3767956991838938),)	wasserstein	16
did:plc:vcsjjmxx3eikizrb5qllbv2h	pareto	0.2194647070165833	0.2	True	-0.000170696623561924	0.0011706966235619238	(np.float64(0.37681870652889227),)	wasserstein	16
did:plc:vcsjjmxx3eikizrb5qllbv2h	expon	0.12145325381060959	0.0	False	0.001	0.5459375000000001		wasserstein	16
did:plc:vcsjjmxx3eikizrb5qllbv2h	fisk	0.18101507573547715	0.0	False	0.0009999999999999998	1.079632836879612	(np.float64(0.6962882591049467),)	wasserstein	16
did:plc:vcsjjmxx3eikizrb5qllbv2h	weibull_min	0.18483805494457783	0.0	False	0.0009999999999999998	0.5127492793195016	(np.float64(0.2782578553877745),)	wasserstein	16
did:plc:vcsjjmxx3eikizrb5qllbv2h	lognorm	0.22738151451423183	0.0	False	0.0009999999999999998	0.0013165994063383452	(np.float64(9.777227030085893),)	wasserstein	16
did:plc:v55ihpu5a5lzdd2qrdh4msm7	weibull_min	0.0003705663396285807	0.9	True	4.093999999999999	89.69038914078038	(np.float64(0.8506492181370964),)	wasserstein	41
did:plc:v55ihpu5a5lzdd2qrdh4msm7	fisk	0.0004749372192983312	0.6	True	3.2615300821239166	56.60853847898901	(np.float64(1.2893538842584022),)	wasserstein	41
did:plc:v55ihpu5a5lzdd2qrdh4msm7	lomax	0.00042011174877372675	0.5	True	4.093999999987782	824.964783620493	(np.float64(9.363776327011163),)	wasserstein	41
did:plc:v55ihpu5a5lzdd2qrdh4msm7	pareto	0.0004662303839365285	0.5	True	-2921.034990560408	2925.1289905604076	(np.float64(30.49096345197393),)	wasserstein	41
did:plc:v55ihpu5a5lzdd2qrdh4msm7	expon	0.0004896075740581159	0.5	True	4.094	99.15831707317072		wasserstein	41
did:plc:v55ihpu5a5lzdd2qrdh4msm7	gamma	0.0004201130350830739	0.4	True	4.093999999999999	92.258898243615	(np.float64(0.822671392571841),)	wasserstein	41
did:plc:v55ihpu5a5lzdd2qrdh4msm7	lognorm	0.0004622143673827675	0.4	True	0.5763335356080734	57.820981643207425	(np.float64(1.1857739557718312),)	wasserstein	41
did:plc:v55ihpu5a5lzdd2qrdh4msm7	genpareto	0.0004571201900362493	0.1	True	4.093999999995351	91.7499990362601	(np.float64(0.038962472780176144),)	wasserstein	41
did:plc:nj2dbmd6bu3h5ekcq6cyanyz	pareto	0.0011741466035583956	0.9	True	-2.45625351299414	3.1392535129941397	(np.float64(0.540597299807414),)	wasserstein	18
did:plc:nj2dbmd6bu3h5ekcq6cyanyz	gamma	0.0009089034442975982	0.8	True	0.6829999999999999	198.06382073590066	(np.float64(0.30364129642625814),)	wasserstein	18
did:plc:nj2dbmd6bu3h5ekcq6cyanyz	fisk	0.0011149545166049448	0.8	True	0.6829999999999999	7.750580952630374	(np.float64(0.8080213052927363),)	wasserstein	18
did:plc:nj2dbmd6bu3h5ekcq6cyanyz	lomax	0.0011740472104661188	0.8	True	0.6829999901033654	3.141189280917878	(np.float64(0.5407202908574167),)	wasserstein	18
did:plc:nj2dbmd6bu3h5ekcq6cyanyz	genpareto	0.0011790843819456537	0.8	True	0.6829999997432298	5.696958355813722	(np.float64(1.877569809497762),)	wasserstein	18
did:plc:nj2dbmd6bu3h5ekcq6cyanyz	weibull_min	0.0012412707657346324	0.8	True	0.6829999999999999	152.6806916463721	(np.float64(0.3366159831626708),)	wasserstein	18
did:plc:nj2dbmd6bu3h5ekcq6cyanyz	lognorm	0.0015719561176314079	0.4	True	0.6829999999999999	1.207090420959679	(np.float64(9.320929020722152),)	wasserstein	18
did:plc:nj2dbmd6bu3h5ekcq6cyanyz	expon	0.0006310244490894678	0.0	False	0.683	78.10538888888887		wasserstein	18
